{"stats":{"minecraft:used":{"minecraft:cooked_mutton":3,"minecraft:diorite":1,"minecraft:stone_sword":38,"minecraft:stone_pickaxe":22,"minecraft:spruce_planks":1,"minecraft:wooden_pickaxe":9,"minecraft:gravel":2,"minecraft:stone_axe":35,"minecraft:crafting_table":3,"minecraft:white_bed":1,"minecraft:smoker":3},"minecraft:crafted":{"minecraft:crafting_table":1,"minecraft:spruce_planks":52,"minecraft:stick":8,"minecraft:wooden_pickaxe":1,"minecraft:stone_pickaxe":1,"minecraft:stone_sword":1,"minecraft:furnace":2,"minecraft:white_bed":1,"minecraft:torch":4,"minecraft:stone_axe":1,"minecraft:air":0,"minecraft:cooked_mutton":18,"minecraft:smoker":2},"minecraft:mined":{"minecraft:white_bed":1,"minecraft:smoker":1,"minecraft:spruce_log":13,"minecraft:crafting_table":2,"minecraft:grass":14,"minecraft:coal_ore":5,"minecraft:grass_block":6,"minecraft:oak_log":19,"minecraft:gravel":2,"minecraft:dirt":12,"minecraft:tall_grass":5,"minecraft:spruce_leaves":5,"minecraft:stone":21,"minecraft:diorite":1,"minecraft:oak_leaves":7},"minecraft:custom":{"minecraft:time_since_rest":8534,"minecraft:sprint_one_cm":31121,"minecraft:damage_taken":170,"minecraft:walk_one_cm":24086,"minecraft:mob_kills":17,"minecraft:drop":1,"minecraft:damage_dealt":1660,"minecraft:fly_one_cm":48623,"minecraft:interact_with_crafting_table":8,"minecraft:crouch_one_cm":1248,"minecraft:play_time":14580,"minecraft:sneak_time":612,"minecraft:jump":253,"minecraft:leave_game":1,"minecraft:walk_on_water_one_cm":63,"minecraft:time_since_death":14580,"minecraft:sleep_in_bed":1,"minecraft:interact_with_smoker":8,"minecraft:total_world_time":14580,"minecraft:fall_one_cm":7954},"minecraft:picked_up":{"minecraft:crafting_table":2,"minecraft:smoker":1,"minecraft:gravel":2,"minecraft:oak_log":19,"minecraft:white_bed":1,"minecraft:diorite":1,"minecraft:spruce_log":13,"minecraft:dirt":18,"minecraft:bone":2,"minecraft:rotten_flesh":1,"minecraft:wheat_seeds":1,"minecraft:light_gray_wool":1,"minecraft:mutton":40,"minecraft:coal":5,"minecraft:white_wool":11,"minecraft:cobblestone":24},"minecraft:dropped":{"minecraft:rotten_flesh":1},"minecraft:killed":{"minecraft:sheep":12,"minecraft:skeleton":2,"minecraft:zombie":1}},"DataVersion":3465}